Temperature - (Celsius), Year, Statistics, Country, ISO3
24.9034, 1901, Jan Average, Malaysia, MYS
24.6155, 1901, Feb Average, Malaysia, MYS
25.3411, 1901, Mar Average, Malaysia, MYS
25.6059, 1901, Apr Average, Malaysia, MYS
26.0758, 1901, May Average, Malaysia, MYS
25.4556, 1901, Jun Average, Malaysia, MYS
25.4768, 1901, Jul Average, Malaysia, MYS
24.9679, 1901, Aug Average, Malaysia, MYS
24.9621, 1901, Sep Average, Malaysia, MYS
25.1001, 1901, Oct Average, Malaysia, MYS
25.1269, 1901, Nov Average, Malaysia, MYS
24.5653, 1901, Dec Average, Malaysia, MYS
24.4005, 1902, Jan Average, Malaysia, MYS
23.5377, 1902, Feb Average, Malaysia, MYS
25.1324, 1902, Mar Average, Malaysia, MYS
25.475, 1902, Apr Average, Malaysia, MYS
26.0459, 1902, May Average, Malaysia, MYS
25.6921, 1902, Jun Average, Malaysia, MYS
25.1599, 1902, Jul Average, Malaysia, MYS
25.1106, 1902, Aug Average, Malaysia, MYS
24.8136, 1902, Sep Average, Malaysia, MYS
25.1903, 1902, Oct Average, Malaysia, MYS
25.0603, 1902, Nov Average, Malaysia, MYS
25.258, 1902, Dec Average, Malaysia, MYS
25.0621, 1903, Jan Average, Malaysia, MYS
24.2338, 1903, Feb Average, Malaysia, MYS
25.3352, 1903, Mar Average, Malaysia, MYS
25.5347, 1903, Apr Average, Malaysia, MYS
26.1069, 1903, May Average, Malaysia, MYS
25.1574, 1903, Jun Average, Malaysia, MYS
24.8524, 1903, Jul Average, Malaysia, MYS
24.9061, 1903, Aug Average, Malaysia, MYS
24.5467, 1903, Sep Average, Malaysia, MYS
24.468, 1903, Oct Average, Malaysia, MYS
24.4032, 1903, Nov Average, Malaysia, MYS
23.3315, 1903, Dec Average, Malaysia, MYS
23.438, 1904, Jan Average, Malaysia, MYS
23.4354, 1904, Feb Average, Malaysia, MYS
24.8897, 1904, Mar Average, Malaysia, MYS
24.4685, 1904, Apr Average, Malaysia, MYS
25.3288, 1904, May Average, Malaysia, MYS
25.2896, 1904, Jun Average, Malaysia, MYS
25.1535, 1904, Jul Average, Malaysia, MYS
24.6381, 1904, Aug Average, Malaysia, MYS
25.2006, 1904, Sep Average, Malaysia, MYS
24.4945, 1904, Oct Average, Malaysia, MYS
24.3138, 1904, Nov Average, Malaysia, MYS
23.808, 1904, Dec Average, Malaysia, MYS
24.7017, 1905, Jan Average, Malaysia, MYS
24.5438, 1905, Feb Average, Malaysia, MYS
25.2714, 1905, Mar Average, Malaysia, MYS
25.5735, 1905, Apr Average, Malaysia, MYS
25.7888, 1905, May Average, Malaysia, MYS
25.3505, 1905, Jun Average, Malaysia, MYS
24.8647, 1905, Jul Average, Malaysia, MYS
24.9737, 1905, Aug Average, Malaysia, MYS
24.7327, 1905, Sep Average, Malaysia, MYS
24.9718, 1905, Oct Average, Malaysia, MYS
24.7825, 1905, Nov Average, Malaysia, MYS
25.6242, 1905, Dec Average, Malaysia, MYS
25.2411, 1906, Jan Average, Malaysia, MYS
25.3799, 1906, Feb Average, Malaysia, MYS
25.3325, 1906, Mar Average, Malaysia, MYS
26.1972, 1906, Apr Average, Malaysia, MYS
26.3926, 1906, May Average, Malaysia, MYS
25.3592, 1906, Jun Average, Malaysia, MYS
25.1032, 1906, Jul Average, Malaysia, MYS
25.0705, 1906, Aug Average, Malaysia, MYS
24.8165, 1906, Sep Average, Malaysia, MYS
24.4926, 1906, Oct Average, Malaysia, MYS
24.4256, 1906, Nov Average, Malaysia, MYS
24.5003, 1906, Dec Average, Malaysia, MYS
24.112, 1907, Jan Average, Malaysia, MYS
24.2523, 1907, Feb Average, Malaysia, MYS
24.4167, 1907, Mar Average, Malaysia, MYS
25.0092, 1907, Apr Average, Malaysia, MYS
25.4545, 1907, May Average, Malaysia, MYS
25.0658, 1907, Jun Average, Malaysia, MYS
24.7092, 1907, Jul Average, Malaysia, MYS
24.499, 1907, Aug Average, Malaysia, MYS
24.9498, 1907, Sep Average, Malaysia, MYS
24.7252, 1907, Oct Average, Malaysia, MYS
24.8922, 1907, Nov Average, Malaysia, MYS
23.8635, 1907, Dec Average, Malaysia, MYS
24.4329, 1908, Jan Average, Malaysia, MYS
24.3998, 1908, Feb Average, Malaysia, MYS
24.7886, 1908, Mar Average, Malaysia, MYS
25.3387, 1908, Apr Average, Malaysia, MYS
25.4379, 1908, May Average, Malaysia, MYS
24.9826, 1908, Jun Average, Malaysia, MYS
25.0561, 1908, Jul Average, Malaysia, MYS
24.8433, 1908, Aug Average, Malaysia, MYS
25.0166, 1908, Sep Average, Malaysia, MYS
24.6976, 1908, Oct Average, Malaysia, MYS
24.2503, 1908, Nov Average, Malaysia, MYS
24.4004, 1908, Dec Average, Malaysia, MYS
24.5676, 1909, Jan Average, Malaysia, MYS
24.5496, 1909, Feb Average, Malaysia, MYS
24.8556, 1909, Mar Average, Malaysia, MYS
25.2633, 1909, Apr Average, Malaysia, MYS
25.5438, 1909, May Average, Malaysia, MYS
25.5512, 1909, Jun Average, Malaysia, MYS
24.6146, 1909, Jul Average, Malaysia, MYS
25.0878, 1909, Aug Average, Malaysia, MYS
24.6425, 1909, Sep Average, Malaysia, MYS
24.786, 1909, Oct Average, Malaysia, MYS
24.3693, 1909, Nov Average, Malaysia, MYS
23.8771, 1909, Dec Average, Malaysia, MYS
24.6918, 1910, Jan Average, Malaysia, MYS
24.3235, 1910, Feb Average, Malaysia, MYS
24.5229, 1910, Mar Average, Malaysia, MYS
24.8723, 1910, Apr Average, Malaysia, MYS
25.4467, 1910, May Average, Malaysia, MYS
25.0793, 1910, Jun Average, Malaysia, MYS
25.0503, 1910, Jul Average, Malaysia, MYS
24.9026, 1910, Aug Average, Malaysia, MYS
24.7006, 1910, Sep Average, Malaysia, MYS
24.4182, 1910, Oct Average, Malaysia, MYS
24.6053, 1910, Nov Average, Malaysia, MYS
23.9894, 1910, Dec Average, Malaysia, MYS
24.7768, 1911, Jan Average, Malaysia, MYS
25.0282, 1911, Feb Average, Malaysia, MYS
25.3084, 1911, Mar Average, Malaysia, MYS
25.6429, 1911, Apr Average, Malaysia, MYS
25.637, 1911, May Average, Malaysia, MYS
25.644, 1911, Jun Average, Malaysia, MYS
25.6812, 1911, Jul Average, Malaysia, MYS
25.1999, 1911, Aug Average, Malaysia, MYS
25.2728, 1911, Sep Average, Malaysia, MYS
25.2004, 1911, Oct Average, Malaysia, MYS
25.5696, 1911, Nov Average, Malaysia, MYS
25.361, 1911, Dec Average, Malaysia, MYS
25.4773, 1912, Jan Average, Malaysia, MYS
25.4692, 1912, Feb Average, Malaysia, MYS
26.1258, 1912, Mar Average, Malaysia, MYS
26.1344, 1912, Apr Average, Malaysia, MYS
26.1721, 1912, May Average, Malaysia, MYS
25.8639, 1912, Jun Average, Malaysia, MYS
25.2993, 1912, Jul Average, Malaysia, MYS
25.252, 1912, Aug Average, Malaysia, MYS
25.3217, 1912, Sep Average, Malaysia, MYS
25.176, 1912, Oct Average, Malaysia, MYS
25.1457, 1912, Nov Average, Malaysia, MYS
25.1851, 1912, Dec Average, Malaysia, MYS
25.0981, 1913, Jan Average, Malaysia, MYS
25.2964, 1913, Feb Average, Malaysia, MYS
25.8875, 1913, Mar Average, Malaysia, MYS
25.3556, 1913, Apr Average, Malaysia, MYS
25.692, 1913, May Average, Malaysia, MYS
25.4135, 1913, Jun Average, Malaysia, MYS
25.3293, 1913, Jul Average, Malaysia, MYS
25.2945, 1913, Aug Average, Malaysia, MYS
25.341, 1913, Sep Average, Malaysia, MYS
25.3537, 1913, Oct Average, Malaysia, MYS
25.307, 1913, Nov Average, Malaysia, MYS
25.3839, 1913, Dec Average, Malaysia, MYS
24.8426, 1914, Jan Average, Malaysia, MYS
25.2989, 1914, Feb Average, Malaysia, MYS
25.6598, 1914, Mar Average, Malaysia, MYS
25.9598, 1914, Apr Average, Malaysia, MYS
26.6586, 1914, May Average, Malaysia, MYS
25.4757, 1914, Jun Average, Malaysia, MYS
25.5908, 1914, Jul Average, Malaysia, MYS
25.774, 1914, Aug Average, Malaysia, MYS
25.5559, 1914, Sep Average, Malaysia, MYS
25.6154, 1914, Oct Average, Malaysia, MYS
25.9265, 1914, Nov Average, Malaysia, MYS
25.8562, 1914, Dec Average, Malaysia, MYS
25.1458, 1915, Jan Average, Malaysia, MYS
25.2833, 1915, Feb Average, Malaysia, MYS
25.7671, 1915, Mar Average, Malaysia, MYS
26.1635, 1915, Apr Average, Malaysia, MYS
26.1802, 1915, May Average, Malaysia, MYS
26.2236, 1915, Jun Average, Malaysia, MYS
25.5068, 1915, Jul Average, Malaysia, MYS
26.0244, 1915, Aug Average, Malaysia, MYS
25.4119, 1915, Sep Average, Malaysia, MYS
25.4368, 1915, Oct Average, Malaysia, MYS
25.7218, 1915, Nov Average, Malaysia, MYS
25.1812, 1915, Dec Average, Malaysia, MYS
24.6286, 1916, Jan Average, Malaysia, MYS
25.0678, 1916, Feb Average, Malaysia, MYS
25.398, 1916, Mar Average, Malaysia, MYS
25.6571, 1916, Apr Average, Malaysia, MYS
25.3052, 1916, May Average, Malaysia, MYS
25.2608, 1916, Jun Average, Malaysia, MYS
24.9212, 1916, Jul Average, Malaysia, MYS
25.2468, 1916, Aug Average, Malaysia, MYS
25.2844, 1916, Sep Average, Malaysia, MYS
25.3849, 1916, Oct Average, Malaysia, MYS
25.2825, 1916, Nov Average, Malaysia, MYS
25.062, 1916, Dec Average, Malaysia, MYS
24.441, 1917, Jan Average, Malaysia, MYS
24.2858, 1917, Feb Average, Malaysia, MYS
24.9645, 1917, Mar Average, Malaysia, MYS
25.5904, 1917, Apr Average, Malaysia, MYS
24.8963, 1917, May Average, Malaysia, MYS
25.1944, 1917, Jun Average, Malaysia, MYS
25.1753, 1917, Jul Average, Malaysia, MYS
25.0275, 1917, Aug Average, Malaysia, MYS
25.0777, 1917, Sep Average, Malaysia, MYS
25.1885, 1917, Oct Average, Malaysia, MYS
25.2978, 1917, Nov Average, Malaysia, MYS
24.976, 1917, Dec Average, Malaysia, MYS
23.265, 1918, Jan Average, Malaysia, MYS
23.2623, 1918, Feb Average, Malaysia, MYS
24.7695, 1918, Mar Average, Malaysia, MYS
25.0457, 1918, Apr Average, Malaysia, MYS
25.3696, 1918, May Average, Malaysia, MYS
24.8842, 1918, Jun Average, Malaysia, MYS
25.3361, 1918, Jul Average, Malaysia, MYS
25.2115, 1918, Aug Average, Malaysia, MYS
25.3353, 1918, Sep Average, Malaysia, MYS
25.0841, 1918, Oct Average, Malaysia, MYS
25.4958, 1918, Nov Average, Malaysia, MYS
24.5643, 1918, Dec Average, Malaysia, MYS
25.2709, 1919, Jan Average, Malaysia, MYS
25.5567, 1919, Feb Average, Malaysia, MYS
25.9316, 1919, Mar Average, Malaysia, MYS
26.1753, 1919, Apr Average, Malaysia, MYS
26.2252, 1919, May Average, Malaysia, MYS
25.8636, 1919, Jun Average, Malaysia, MYS
25.1201, 1919, Jul Average, Malaysia, MYS
25.5047, 1919, Aug Average, Malaysia, MYS
25.3371, 1919, Sep Average, Malaysia, MYS
25.3156, 1919, Oct Average, Malaysia, MYS
25.2725, 1919, Nov Average, Malaysia, MYS
24.9885, 1919, Dec Average, Malaysia, MYS
24.6884, 1920, Jan Average, Malaysia, MYS
24.9851, 1920, Feb Average, Malaysia, MYS
25.535, 1920, Mar Average, Malaysia, MYS
25.8544, 1920, Apr Average, Malaysia, MYS
25.9506, 1920, May Average, Malaysia, MYS
25.9752, 1920, Jun Average, Malaysia, MYS
25.5842, 1920, Jul Average, Malaysia, MYS
25.3135, 1920, Aug Average, Malaysia, MYS
25.5258, 1920, Sep Average, Malaysia, MYS
25.3653, 1920, Oct Average, Malaysia, MYS
25.7321, 1920, Nov Average, Malaysia, MYS
24.3952, 1920, Dec Average, Malaysia, MYS
24.8119, 1921, Jan Average, Malaysia, MYS
24.7954, 1921, Feb Average, Malaysia, MYS
25.2362, 1921, Mar Average, Malaysia, MYS
25.4631, 1921, Apr Average, Malaysia, MYS
25.2958, 1921, May Average, Malaysia, MYS
25.021, 1921, Jun Average, Malaysia, MYS
25.2784, 1921, Jul Average, Malaysia, MYS
25.4649, 1921, Aug Average, Malaysia, MYS
25.3968, 1921, Sep Average, Malaysia, MYS
24.9953, 1921, Oct Average, Malaysia, MYS
25.0424, 1921, Nov Average, Malaysia, MYS
25.0842, 1921, Dec Average, Malaysia, MYS
25.2541, 1922, Jan Average, Malaysia, MYS
24.8203, 1922, Feb Average, Malaysia, MYS
24.9976, 1922, Mar Average, Malaysia, MYS
25.3821, 1922, Apr Average, Malaysia, MYS
25.3085, 1922, May Average, Malaysia, MYS
25.4264, 1922, Jun Average, Malaysia, MYS
25.1709, 1922, Jul Average, Malaysia, MYS
25.0276, 1922, Aug Average, Malaysia, MYS
25.4414, 1922, Sep Average, Malaysia, MYS
25.1844, 1922, Oct Average, Malaysia, MYS
25.7187, 1922, Nov Average, Malaysia, MYS
25.4722, 1922, Dec Average, Malaysia, MYS
24.7009, 1923, Jan Average, Malaysia, MYS
24.9997, 1923, Feb Average, Malaysia, MYS
24.9773, 1923, Mar Average, Malaysia, MYS
25.8533, 1923, Apr Average, Malaysia, MYS
25.5113, 1923, May Average, Malaysia, MYS
25.5286, 1923, Jun Average, Malaysia, MYS
25.0412, 1923, Jul Average, Malaysia, MYS
24.7286, 1923, Aug Average, Malaysia, MYS
24.8431, 1923, Sep Average, Malaysia, MYS
25.1643, 1923, Oct Average, Malaysia, MYS
25.3067, 1923, Nov Average, Malaysia, MYS
25.1773, 1923, Dec Average, Malaysia, MYS
25.2449, 1924, Jan Average, Malaysia, MYS
25.1318, 1924, Feb Average, Malaysia, MYS
25.1568, 1924, Mar Average, Malaysia, MYS
25.8607, 1924, Apr Average, Malaysia, MYS
25.8336, 1924, May Average, Malaysia, MYS
25.4573, 1924, Jun Average, Malaysia, MYS
25.4349, 1924, Jul Average, Malaysia, MYS
25.7149, 1924, Aug Average, Malaysia, MYS
24.9063, 1924, Sep Average, Malaysia, MYS
24.3588, 1924, Oct Average, Malaysia, MYS
24.7924, 1924, Nov Average, Malaysia, MYS
24.5218, 1924, Dec Average, Malaysia, MYS
24.8918, 1925, Jan Average, Malaysia, MYS
24.1537, 1925, Feb Average, Malaysia, MYS
24.7743, 1925, Mar Average, Malaysia, MYS
25.4838, 1925, Apr Average, Malaysia, MYS
25.7586, 1925, May Average, Malaysia, MYS
25.624, 1925, Jun Average, Malaysia, MYS
25.3831, 1925, Jul Average, Malaysia, MYS
25.5136, 1925, Aug Average, Malaysia, MYS
25.3125, 1925, Sep Average, Malaysia, MYS
24.9974, 1925, Oct Average, Malaysia, MYS
25.1601, 1925, Nov Average, Malaysia, MYS
24.6174, 1925, Dec Average, Malaysia, MYS
24.5374, 1926, Jan Average, Malaysia, MYS
25.149, 1926, Feb Average, Malaysia, MYS
25.4625, 1926, Mar Average, Malaysia, MYS
26.448, 1926, Apr Average, Malaysia, MYS
26.3756, 1926, May Average, Malaysia, MYS
25.8414, 1926, Jun Average, Malaysia, MYS
25.3479, 1926, Jul Average, Malaysia, MYS
25.5108, 1926, Aug Average, Malaysia, MYS
25.2781, 1926, Sep Average, Malaysia, MYS
25.1567, 1926, Oct Average, Malaysia, MYS
25.2165, 1926, Nov Average, Malaysia, MYS
25.099, 1926, Dec Average, Malaysia, MYS
24.6905, 1927, Jan Average, Malaysia, MYS
25.0513, 1927, Feb Average, Malaysia, MYS
25.7296, 1927, Mar Average, Malaysia, MYS
25.7393, 1927, Apr Average, Malaysia, MYS
25.6897, 1927, May Average, Malaysia, MYS
25.5577, 1927, Jun Average, Malaysia, MYS
25.3893, 1927, Jul Average, Malaysia, MYS
25.4472, 1927, Aug Average, Malaysia, MYS
25.5239, 1927, Sep Average, Malaysia, MYS
24.9374, 1927, Oct Average, Malaysia, MYS
25.1669, 1927, Nov Average, Malaysia, MYS
25.382, 1927, Dec Average, Malaysia, MYS
25.3551, 1928, Jan Average, Malaysia, MYS
24.9612, 1928, Feb Average, Malaysia, MYS
25.3986, 1928, Mar Average, Malaysia, MYS
25.6618, 1928, Apr Average, Malaysia, MYS
25.943, 1928, May Average, Malaysia, MYS
25.5693, 1928, Jun Average, Malaysia, MYS
25.3281, 1928, Jul Average, Malaysia, MYS
25.5867, 1928, Aug Average, Malaysia, MYS
25.3461, 1928, Sep Average, Malaysia, MYS
25.1035, 1928, Oct Average, Malaysia, MYS
25.0885, 1928, Nov Average, Malaysia, MYS
25.3289, 1928, Dec Average, Malaysia, MYS
24.4923, 1929, Jan Average, Malaysia, MYS
24.5077, 1929, Feb Average, Malaysia, MYS
24.5624, 1929, Mar Average, Malaysia, MYS
25.5948, 1929, Apr Average, Malaysia, MYS
25.7119, 1929, May Average, Malaysia, MYS
25.2391, 1929, Jun Average, Malaysia, MYS
25.2469, 1929, Jul Average, Malaysia, MYS
25.2776, 1929, Aug Average, Malaysia, MYS
25.2793, 1929, Sep Average, Malaysia, MYS
25.0308, 1929, Oct Average, Malaysia, MYS
24.7126, 1929, Nov Average, Malaysia, MYS
24.8757, 1929, Dec Average, Malaysia, MYS
25.031, 1930, Jan Average, Malaysia, MYS
24.8322, 1930, Feb Average, Malaysia, MYS
25.1667, 1930, Mar Average, Malaysia, MYS
25.6957, 1930, Apr Average, Malaysia, MYS
25.6937, 1930, May Average, Malaysia, MYS
25.4449, 1930, Jun Average, Malaysia, MYS
25.8473, 1930, Jul Average, Malaysia, MYS
26.0715, 1930, Aug Average, Malaysia, MYS
25.6967, 1930, Sep Average, Malaysia, MYS
25.4804, 1930, Oct Average, Malaysia, MYS
25.3924, 1930, Nov Average, Malaysia, MYS
25.3863, 1930, Dec Average, Malaysia, MYS
25.509, 1931, Jan Average, Malaysia, MYS
25.691, 1931, Feb Average, Malaysia, MYS
26.0987, 1931, Mar Average, Malaysia, MYS
26.2523, 1931, Apr Average, Malaysia, MYS
26.4202, 1931, May Average, Malaysia, MYS
26.2449, 1931, Jun Average, Malaysia, MYS
25.6356, 1931, Jul Average, Malaysia, MYS
26.1895, 1931, Aug Average, Malaysia, MYS
25.4417, 1931, Sep Average, Malaysia, MYS
25.2791, 1931, Oct Average, Malaysia, MYS
25.3029, 1931, Nov Average, Malaysia, MYS
24.798, 1931, Dec Average, Malaysia, MYS
24.4361, 1932, Jan Average, Malaysia, MYS
24.8059, 1932, Feb Average, Malaysia, MYS
25.0243, 1932, Mar Average, Malaysia, MYS
25.5981, 1932, Apr Average, Malaysia, MYS
25.5578, 1932, May Average, Malaysia, MYS
25.3226, 1932, Jun Average, Malaysia, MYS
25.3161, 1932, Jul Average, Malaysia, MYS
25.4529, 1932, Aug Average, Malaysia, MYS
25.2054, 1932, Sep Average, Malaysia, MYS
25.4419, 1932, Oct Average, Malaysia, MYS
24.8762, 1932, Nov Average, Malaysia, MYS
25.1361, 1932, Dec Average, Malaysia, MYS
24.9776, 1933, Jan Average, Malaysia, MYS
24.9254, 1933, Feb Average, Malaysia, MYS
25.195, 1933, Mar Average, Malaysia, MYS
25.737, 1933, Apr Average, Malaysia, MYS
26.1453, 1933, May Average, Malaysia, MYS
25.7516, 1933, Jun Average, Malaysia, MYS
25.3893, 1933, Jul Average, Malaysia, MYS
25.7859, 1933, Aug Average, Malaysia, MYS
25.1498, 1933, Sep Average, Malaysia, MYS
24.9497, 1933, Oct Average, Malaysia, MYS
24.6224, 1933, Nov Average, Malaysia, MYS
24.6196, 1933, Dec Average, Malaysia, MYS
24.1536, 1934, Jan Average, Malaysia, MYS
23.8845, 1934, Feb Average, Malaysia, MYS
24.5195, 1934, Mar Average, Malaysia, MYS
25.2312, 1934, Apr Average, Malaysia, MYS
25.6655, 1934, May Average, Malaysia, MYS
25.4133, 1934, Jun Average, Malaysia, MYS
25.4647, 1934, Jul Average, Malaysia, MYS
25.3856, 1934, Aug Average, Malaysia, MYS
25.3538, 1934, Sep Average, Malaysia, MYS
25.0921, 1934, Oct Average, Malaysia, MYS
25.15, 1934, Nov Average, Malaysia, MYS
24.9985, 1934, Dec Average, Malaysia, MYS
24.9559, 1935, Jan Average, Malaysia, MYS
25.2339, 1935, Feb Average, Malaysia, MYS
25.773, 1935, Mar Average, Malaysia, MYS
25.6408, 1935, Apr Average, Malaysia, MYS
25.4609, 1935, May Average, Malaysia, MYS
25.349, 1935, Jun Average, Malaysia, MYS
25.5728, 1935, Jul Average, Malaysia, MYS
25.4998, 1935, Aug Average, Malaysia, MYS
25.5057, 1935, Sep Average, Malaysia, MYS
25.4802, 1935, Oct Average, Malaysia, MYS
25.3284, 1935, Nov Average, Malaysia, MYS
25.1809, 1935, Dec Average, Malaysia, MYS
25.1128, 1936, Jan Average, Malaysia, MYS
25.6133, 1936, Feb Average, Malaysia, MYS
25.3776, 1936, Mar Average, Malaysia, MYS
25.8198, 1936, Apr Average, Malaysia, MYS
26.0333, 1936, May Average, Malaysia, MYS
25.5371, 1936, Jun Average, Malaysia, MYS
25.4689, 1936, Jul Average, Malaysia, MYS
25.2342, 1936, Aug Average, Malaysia, MYS
25.3428, 1936, Sep Average, Malaysia, MYS
24.9514, 1936, Oct Average, Malaysia, MYS
25.0925, 1936, Nov Average, Malaysia, MYS
25.6084, 1936, Dec Average, Malaysia, MYS
25.349, 1937, Jan Average, Malaysia, MYS
25.3651, 1937, Feb Average, Malaysia, MYS
25.8912, 1937, Mar Average, Malaysia, MYS
25.8931, 1937, Apr Average, Malaysia, MYS
25.42, 1937, May Average, Malaysia, MYS
25.8873, 1937, Jun Average, Malaysia, MYS
25.4234, 1937, Jul Average, Malaysia, MYS
25.6779, 1937, Aug Average, Malaysia, MYS
25.3063, 1937, Sep Average, Malaysia, MYS
24.9099, 1937, Oct Average, Malaysia, MYS
25.2973, 1937, Nov Average, Malaysia, MYS
25.318, 1937, Dec Average, Malaysia, MYS
25.1681, 1938, Jan Average, Malaysia, MYS
25.4986, 1938, Feb Average, Malaysia, MYS
25.401, 1938, Mar Average, Malaysia, MYS
25.5294, 1938, Apr Average, Malaysia, MYS
25.4808, 1938, May Average, Malaysia, MYS
25.4172, 1938, Jun Average, Malaysia, MYS
25.2814, 1938, Jul Average, Malaysia, MYS
25.3368, 1938, Aug Average, Malaysia, MYS
25.4261, 1938, Sep Average, Malaysia, MYS
25.2278, 1938, Oct Average, Malaysia, MYS
25.1362, 1938, Nov Average, Malaysia, MYS
25.2591, 1938, Dec Average, Malaysia, MYS
25.1053, 1939, Jan Average, Malaysia, MYS
24.8472, 1939, Feb Average, Malaysia, MYS
25.27, 1939, Mar Average, Malaysia, MYS
25.8457, 1939, Apr Average, Malaysia, MYS
25.5345, 1939, May Average, Malaysia, MYS
25.4156, 1939, Jun Average, Malaysia, MYS
25.6336, 1939, Jul Average, Malaysia, MYS
25.5169, 1939, Aug Average, Malaysia, MYS
25.122, 1939, Sep Average, Malaysia, MYS
25.1186, 1939, Oct Average, Malaysia, MYS
25.358, 1939, Nov Average, Malaysia, MYS
24.6073, 1939, Dec Average, Malaysia, MYS
24.6527, 1940, Jan Average, Malaysia, MYS
24.632, 1940, Feb Average, Malaysia, MYS
25.46, 1940, Mar Average, Malaysia, MYS
26.0326, 1940, Apr Average, Malaysia, MYS
25.9306, 1940, May Average, Malaysia, MYS
25.8443, 1940, Jun Average, Malaysia, MYS
25.7551, 1940, Jul Average, Malaysia, MYS
25.311, 1940, Aug Average, Malaysia, MYS
25.4996, 1940, Sep Average, Malaysia, MYS
25.6825, 1940, Oct Average, Malaysia, MYS
25.3936, 1940, Nov Average, Malaysia, MYS
25.4125, 1940, Dec Average, Malaysia, MYS
25.7416, 1941, Jan Average, Malaysia, MYS
25.7267, 1941, Feb Average, Malaysia, MYS
26.0817, 1941, Mar Average, Malaysia, MYS
26.6216, 1941, Apr Average, Malaysia, MYS
26.5849, 1941, May Average, Malaysia, MYS
26.4514, 1941, Jun Average, Malaysia, MYS
25.948, 1941, Jul Average, Malaysia, MYS
26.0335, 1941, Aug Average, Malaysia, MYS
25.7286, 1941, Sep Average, Malaysia, MYS
25.9995, 1941, Oct Average, Malaysia, MYS
25.5817, 1941, Nov Average, Malaysia, MYS
25.7452, 1941, Dec Average, Malaysia, MYS
24.7371, 1942, Jan Average, Malaysia, MYS
25.078, 1942, Feb Average, Malaysia, MYS
25.5097, 1942, Mar Average, Malaysia, MYS
25.5095, 1942, Apr Average, Malaysia, MYS
25.7362, 1942, May Average, Malaysia, MYS
25.6405, 1942, Jun Average, Malaysia, MYS
24.9832, 1942, Jul Average, Malaysia, MYS
25.129, 1942, Aug Average, Malaysia, MYS
25.1337, 1942, Sep Average, Malaysia, MYS
25.023, 1942, Oct Average, Malaysia, MYS
24.9031, 1942, Nov Average, Malaysia, MYS
24.8641, 1942, Dec Average, Malaysia, MYS
24.0873, 1943, Jan Average, Malaysia, MYS
24.3888, 1943, Feb Average, Malaysia, MYS
24.9851, 1943, Mar Average, Malaysia, MYS
25.0234, 1943, Apr Average, Malaysia, MYS
25.7428, 1943, May Average, Malaysia, MYS
25.1949, 1943, Jun Average, Malaysia, MYS
24.9531, 1943, Jul Average, Malaysia, MYS
25.0424, 1943, Aug Average, Malaysia, MYS
24.9897, 1943, Sep Average, Malaysia, MYS
24.8714, 1943, Oct Average, Malaysia, MYS
24.7863, 1943, Nov Average, Malaysia, MYS
24.4995, 1943, Dec Average, Malaysia, MYS
24.8846, 1944, Jan Average, Malaysia, MYS
24.8777, 1944, Feb Average, Malaysia, MYS
25.2391, 1944, Mar Average, Malaysia, MYS
25.5436, 1944, Apr Average, Malaysia, MYS
25.5417, 1944, May Average, Malaysia, MYS
25.3478, 1944, Jun Average, Malaysia, MYS
24.911, 1944, Jul Average, Malaysia, MYS
25.0543, 1944, Aug Average, Malaysia, MYS
25.2388, 1944, Sep Average, Malaysia, MYS
25.2183, 1944, Oct Average, Malaysia, MYS
24.9323, 1944, Nov Average, Malaysia, MYS
24.481, 1944, Dec Average, Malaysia, MYS
24.9474, 1945, Jan Average, Malaysia, MYS
25.0321, 1945, Feb Average, Malaysia, MYS
25.0074, 1945, Mar Average, Malaysia, MYS
25.4151, 1945, Apr Average, Malaysia, MYS
25.6098, 1945, May Average, Malaysia, MYS
25.1839, 1945, Jun Average, Malaysia, MYS
25.0729, 1945, Jul Average, Malaysia, MYS
25.2246, 1945, Aug Average, Malaysia, MYS
25.0711, 1945, Sep Average, Malaysia, MYS
24.8232, 1945, Oct Average, Malaysia, MYS
25.2245, 1945, Nov Average, Malaysia, MYS
25.0686, 1945, Dec Average, Malaysia, MYS
24.9017, 1946, Jan Average, Malaysia, MYS
24.7183, 1946, Feb Average, Malaysia, MYS
25.5602, 1946, Mar Average, Malaysia, MYS
25.5343, 1946, Apr Average, Malaysia, MYS
25.4484, 1946, May Average, Malaysia, MYS
25.6933, 1946, Jun Average, Malaysia, MYS
25.6507, 1946, Jul Average, Malaysia, MYS
25.6673, 1946, Aug Average, Malaysia, MYS
25.0825, 1946, Sep Average, Malaysia, MYS
25.2473, 1946, Oct Average, Malaysia, MYS
25.2501, 1946, Nov Average, Malaysia, MYS
25.755, 1946, Dec Average, Malaysia, MYS
26.0925, 1947, Jan Average, Malaysia, MYS
25.4405, 1947, Feb Average, Malaysia, MYS
25.6603, 1947, Mar Average, Malaysia, MYS
25.5615, 1947, Apr Average, Malaysia, MYS
26.2006, 1947, May Average, Malaysia, MYS
25.9601, 1947, Jun Average, Malaysia, MYS
25.4922, 1947, Jul Average, Malaysia, MYS
25.5339, 1947, Aug Average, Malaysia, MYS
25.497, 1947, Sep Average, Malaysia, MYS
25.3406, 1947, Oct Average, Malaysia, MYS
24.8437, 1947, Nov Average, Malaysia, MYS
25.2019, 1947, Dec Average, Malaysia, MYS
24.3813, 1948, Jan Average, Malaysia, MYS
25.0133, 1948, Feb Average, Malaysia, MYS
25.3625, 1948, Mar Average, Malaysia, MYS
26.1318, 1948, Apr Average, Malaysia, MYS
26.1397, 1948, May Average, Malaysia, MYS
26.1826, 1948, Jun Average, Malaysia, MYS
25.4776, 1948, Jul Average, Malaysia, MYS
25.5612, 1948, Aug Average, Malaysia, MYS
25.415, 1948, Sep Average, Malaysia, MYS
25.5457, 1948, Oct Average, Malaysia, MYS
24.7383, 1948, Nov Average, Malaysia, MYS
25.5555, 1948, Dec Average, Malaysia, MYS
25.0386, 1949, Jan Average, Malaysia, MYS
25.1764, 1949, Feb Average, Malaysia, MYS
25.4669, 1949, Mar Average, Malaysia, MYS
25.5136, 1949, Apr Average, Malaysia, MYS
25.5191, 1949, May Average, Malaysia, MYS
25.487, 1949, Jun Average, Malaysia, MYS
25.2525, 1949, Jul Average, Malaysia, MYS
25.3546, 1949, Aug Average, Malaysia, MYS
25.3451, 1949, Sep Average, Malaysia, MYS
25.1578, 1949, Oct Average, Malaysia, MYS
24.9677, 1949, Nov Average, Malaysia, MYS
25.3013, 1949, Dec Average, Malaysia, MYS
25.4622, 1950, Jan Average, Malaysia, MYS
25.0662, 1950, Feb Average, Malaysia, MYS
25.6318, 1950, Mar Average, Malaysia, MYS
25.6664, 1950, Apr Average, Malaysia, MYS
25.8074, 1950, May Average, Malaysia, MYS
25.8495, 1950, Jun Average, Malaysia, MYS
25.5506, 1950, Jul Average, Malaysia, MYS
25.3856, 1950, Aug Average, Malaysia, MYS
25.3569, 1950, Sep Average, Malaysia, MYS
25.1141, 1950, Oct Average, Malaysia, MYS
25.1642, 1950, Nov Average, Malaysia, MYS
24.9414, 1950, Dec Average, Malaysia, MYS
24.8257, 1951, Jan Average, Malaysia, MYS
24.6119, 1951, Feb Average, Malaysia, MYS
25.2703, 1951, Mar Average, Malaysia, MYS
25.7578, 1951, Apr Average, Malaysia, MYS
25.7316, 1951, May Average, Malaysia, MYS
25.8766, 1951, Jun Average, Malaysia, MYS
25.1112, 1951, Jul Average, Malaysia, MYS
25.5429, 1951, Aug Average, Malaysia, MYS
25.2867, 1951, Sep Average, Malaysia, MYS
25.2756, 1951, Oct Average, Malaysia, MYS
25.522, 1951, Nov Average, Malaysia, MYS
25.2607, 1951, Dec Average, Malaysia, MYS
25.2653, 1952, Jan Average, Malaysia, MYS
25.2745, 1952, Feb Average, Malaysia, MYS
25.2731, 1952, Mar Average, Malaysia, MYS
25.8768, 1952, Apr Average, Malaysia, MYS
25.7596, 1952, May Average, Malaysia, MYS
25.7692, 1952, Jun Average, Malaysia, MYS
25.3555, 1952, Jul Average, Malaysia, MYS
25.2554, 1952, Aug Average, Malaysia, MYS
25.2026, 1952, Sep Average, Malaysia, MYS
25.2669, 1952, Oct Average, Malaysia, MYS
24.7627, 1952, Nov Average, Malaysia, MYS
24.7515, 1952, Dec Average, Malaysia, MYS
24.9728, 1953, Jan Average, Malaysia, MYS
24.7936, 1953, Feb Average, Malaysia, MYS
25.4936, 1953, Mar Average, Malaysia, MYS
25.8976, 1953, Apr Average, Malaysia, MYS
25.7928, 1953, May Average, Malaysia, MYS
25.9404, 1953, Jun Average, Malaysia, MYS
25.1868, 1953, Jul Average, Malaysia, MYS
25.607, 1953, Aug Average, Malaysia, MYS
25.2647, 1953, Sep Average, Malaysia, MYS
25.3963, 1953, Oct Average, Malaysia, MYS
25.211, 1953, Nov Average, Malaysia, MYS
25.3145, 1953, Dec Average, Malaysia, MYS
25.2163, 1954, Jan Average, Malaysia, MYS
25.1522, 1954, Feb Average, Malaysia, MYS
25.3884, 1954, Mar Average, Malaysia, MYS
25.6923, 1954, Apr Average, Malaysia, MYS
25.7637, 1954, May Average, Malaysia, MYS
25.4107, 1954, Jun Average, Malaysia, MYS
25.1181, 1954, Jul Average, Malaysia, MYS
25.3438, 1954, Aug Average, Malaysia, MYS
25.2039, 1954, Sep Average, Malaysia, MYS
24.8142, 1954, Oct Average, Malaysia, MYS
24.7037, 1954, Nov Average, Malaysia, MYS
24.838, 1954, Dec Average, Malaysia, MYS
24.7803, 1955, Jan Average, Malaysia, MYS
24.7083, 1955, Feb Average, Malaysia, MYS
25.0299, 1955, Mar Average, Malaysia, MYS
25.5049, 1955, Apr Average, Malaysia, MYS
25.9444, 1955, May Average, Malaysia, MYS
25.3045, 1955, Jun Average, Malaysia, MYS
25.1616, 1955, Jul Average, Malaysia, MYS
25.0147, 1955, Aug Average, Malaysia, MYS
25.1883, 1955, Sep Average, Malaysia, MYS
25.3076, 1955, Oct Average, Malaysia, MYS
24.822, 1955, Nov Average, Malaysia, MYS
24.7024, 1955, Dec Average, Malaysia, MYS
24.3917, 1956, Jan Average, Malaysia, MYS
24.7381, 1956, Feb Average, Malaysia, MYS
25.1215, 1956, Mar Average, Malaysia, MYS
25.6766, 1956, Apr Average, Malaysia, MYS
25.4752, 1956, May Average, Malaysia, MYS
25.2221, 1956, Jun Average, Malaysia, MYS
24.9099, 1956, Jul Average, Malaysia, MYS
24.9799, 1956, Aug Average, Malaysia, MYS
25.0372, 1956, Sep Average, Malaysia, MYS
24.8304, 1956, Oct Average, Malaysia, MYS
24.745, 1956, Nov Average, Malaysia, MYS
24.4317, 1956, Dec Average, Malaysia, MYS
24.5526, 1957, Jan Average, Malaysia, MYS
24.6025, 1957, Feb Average, Malaysia, MYS
25.2494, 1957, Mar Average, Malaysia, MYS
25.7565, 1957, Apr Average, Malaysia, MYS
25.8195, 1957, May Average, Malaysia, MYS
25.9623, 1957, Jun Average, Malaysia, MYS
25.5112, 1957, Jul Average, Malaysia, MYS
25.5075, 1957, Aug Average, Malaysia, MYS
25.3387, 1957, Sep Average, Malaysia, MYS
25.378, 1957, Oct Average, Malaysia, MYS
25.2579, 1957, Nov Average, Malaysia, MYS
25.3261, 1957, Dec Average, Malaysia, MYS
25.4354, 1958, Jan Average, Malaysia, MYS
25.2285, 1958, Feb Average, Malaysia, MYS
25.703, 1958, Mar Average, Malaysia, MYS
26.0898, 1958, Apr Average, Malaysia, MYS
26.2627, 1958, May Average, Malaysia, MYS
25.9959, 1958, Jun Average, Malaysia, MYS
25.7637, 1958, Jul Average, Malaysia, MYS
25.2424, 1958, Aug Average, Malaysia, MYS
25.5132, 1958, Sep Average, Malaysia, MYS
25.33, 1958, Oct Average, Malaysia, MYS
24.6883, 1958, Nov Average, Malaysia, MYS
25.0725, 1958, Dec Average, Malaysia, MYS
25.0355, 1959, Jan Average, Malaysia, MYS
25.3131, 1959, Feb Average, Malaysia, MYS
25.2488, 1959, Mar Average, Malaysia, MYS
25.5921, 1959, Apr Average, Malaysia, MYS
25.7406, 1959, May Average, Malaysia, MYS
25.528, 1959, Jun Average, Malaysia, MYS
25.2727, 1959, Jul Average, Malaysia, MYS
25.151, 1959, Aug Average, Malaysia, MYS
25.0892, 1959, Sep Average, Malaysia, MYS
25.2087, 1959, Oct Average, Malaysia, MYS
24.933, 1959, Nov Average, Malaysia, MYS
25.1144, 1959, Dec Average, Malaysia, MYS
24.9771, 1960, Jan Average, Malaysia, MYS
24.7879, 1960, Feb Average, Malaysia, MYS
25.319, 1960, Mar Average, Malaysia, MYS
25.7366, 1960, Apr Average, Malaysia, MYS
25.8891, 1960, May Average, Malaysia, MYS
25.5737, 1960, Jun Average, Malaysia, MYS
25.2501, 1960, Jul Average, Malaysia, MYS
25.8111, 1960, Aug Average, Malaysia, MYS
25.2656, 1960, Sep Average, Malaysia, MYS
25.3746, 1960, Oct Average, Malaysia, MYS
24.9059, 1960, Nov Average, Malaysia, MYS
25.0727, 1960, Dec Average, Malaysia, MYS
24.4279, 1961, Jan Average, Malaysia, MYS
24.7767, 1961, Feb Average, Malaysia, MYS
25.2506, 1961, Mar Average, Malaysia, MYS
25.4162, 1961, Apr Average, Malaysia, MYS
25.8481, 1961, May Average, Malaysia, MYS
25.2257, 1961, Jun Average, Malaysia, MYS
25.0963, 1961, Jul Average, Malaysia, MYS
25.1161, 1961, Aug Average, Malaysia, MYS
24.8681, 1961, Sep Average, Malaysia, MYS
24.7847, 1961, Oct Average, Malaysia, MYS
24.9591, 1961, Nov Average, Malaysia, MYS
24.7472, 1961, Dec Average, Malaysia, MYS
24.3864, 1962, Jan Average, Malaysia, MYS
24.3108, 1962, Feb Average, Malaysia, MYS
24.7733, 1962, Mar Average, Malaysia, MYS
25.3096, 1962, Apr Average, Malaysia, MYS
25.763, 1962, May Average, Malaysia, MYS
25.1906, 1962, Jun Average, Malaysia, MYS
25.3068, 1962, Jul Average, Malaysia, MYS
24.5787, 1962, Aug Average, Malaysia, MYS
25.0376, 1962, Sep Average, Malaysia, MYS
25.1264, 1962, Oct Average, Malaysia, MYS
24.8175, 1962, Nov Average, Malaysia, MYS
24.6253, 1962, Dec Average, Malaysia, MYS
23.6346, 1963, Jan Average, Malaysia, MYS
23.9131, 1963, Feb Average, Malaysia, MYS
24.6894, 1963, Mar Average, Malaysia, MYS
25.4533, 1963, Apr Average, Malaysia, MYS
25.6987, 1963, May Average, Malaysia, MYS
25.7059, 1963, Jun Average, Malaysia, MYS
25.325, 1963, Jul Average, Malaysia, MYS
25.0411, 1963, Aug Average, Malaysia, MYS
25.4116, 1963, Sep Average, Malaysia, MYS
24.9826, 1963, Oct Average, Malaysia, MYS
25.1357, 1963, Nov Average, Malaysia, MYS
24.935, 1963, Dec Average, Malaysia, MYS
25.3285, 1964, Jan Average, Malaysia, MYS
24.9615, 1964, Feb Average, Malaysia, MYS
25.1797, 1964, Mar Average, Malaysia, MYS
25.6106, 1964, Apr Average, Malaysia, MYS
25.7469, 1964, May Average, Malaysia, MYS
25.2046, 1964, Jun Average, Malaysia, MYS
24.7903, 1964, Jul Average, Malaysia, MYS
24.9579, 1964, Aug Average, Malaysia, MYS
24.9397, 1964, Sep Average, Malaysia, MYS
24.7307, 1964, Oct Average, Malaysia, MYS
24.4778, 1964, Nov Average, Malaysia, MYS
24.1938, 1964, Dec Average, Malaysia, MYS
23.7633, 1965, Jan Average, Malaysia, MYS
24.4192, 1965, Feb Average, Malaysia, MYS
24.6779, 1965, Mar Average, Malaysia, MYS
25.1048, 1965, Apr Average, Malaysia, MYS
25.3554, 1965, May Average, Malaysia, MYS
25.3231, 1965, Jun Average, Malaysia, MYS
25.0781, 1965, Jul Average, Malaysia, MYS
24.762, 1965, Aug Average, Malaysia, MYS
24.9175, 1965, Sep Average, Malaysia, MYS
25.0618, 1965, Oct Average, Malaysia, MYS
25.1876, 1965, Nov Average, Malaysia, MYS
24.8925, 1965, Dec Average, Malaysia, MYS
24.9263, 1966, Jan Average, Malaysia, MYS
24.9775, 1966, Feb Average, Malaysia, MYS
25.3365, 1966, Mar Average, Malaysia, MYS
25.7862, 1966, Apr Average, Malaysia, MYS
25.8881, 1966, May Average, Malaysia, MYS
25.2339, 1966, Jun Average, Malaysia, MYS
24.9919, 1966, Jul Average, Malaysia, MYS
24.9371, 1966, Aug Average, Malaysia, MYS
25.2769, 1966, Sep Average, Malaysia, MYS
24.9186, 1966, Oct Average, Malaysia, MYS
24.8846, 1966, Nov Average, Malaysia, MYS
24.8642, 1966, Dec Average, Malaysia, MYS
24.3735, 1967, Jan Average, Malaysia, MYS
24.3335, 1967, Feb Average, Malaysia, MYS
24.7794, 1967, Mar Average, Malaysia, MYS
25.2271, 1967, Apr Average, Malaysia, MYS
25.4811, 1967, May Average, Malaysia, MYS
25.3703, 1967, Jun Average, Malaysia, MYS
25.098, 1967, Jul Average, Malaysia, MYS
25.2322, 1967, Aug Average, Malaysia, MYS
25.0087, 1967, Sep Average, Malaysia, MYS
24.8068, 1967, Oct Average, Malaysia, MYS
24.673, 1967, Nov Average, Malaysia, MYS
24.571, 1967, Dec Average, Malaysia, MYS
24.2793, 1968, Jan Average, Malaysia, MYS
24.2915, 1968, Feb Average, Malaysia, MYS
24.9269, 1968, Mar Average, Malaysia, MYS
25.263, 1968, Apr Average, Malaysia, MYS
25.3926, 1968, May Average, Malaysia, MYS
25.4147, 1968, Jun Average, Malaysia, MYS
25.0251, 1968, Jul Average, Malaysia, MYS
25.1628, 1968, Aug Average, Malaysia, MYS
25.1593, 1968, Sep Average, Malaysia, MYS
24.8108, 1968, Oct Average, Malaysia, MYS
24.905, 1968, Nov Average, Malaysia, MYS
24.842, 1968, Dec Average, Malaysia, MYS
25.0165, 1969, Jan Average, Malaysia, MYS
24.9054, 1969, Feb Average, Malaysia, MYS
25.4251, 1969, Mar Average, Malaysia, MYS
25.8826, 1969, Apr Average, Malaysia, MYS
25.9757, 1969, May Average, Malaysia, MYS
25.5325, 1969, Jun Average, Malaysia, MYS
25.1881, 1969, Jul Average, Malaysia, MYS
24.7841, 1969, Aug Average, Malaysia, MYS
25.2365, 1969, Sep Average, Malaysia, MYS
25.06, 1969, Oct Average, Malaysia, MYS
24.6574, 1969, Nov Average, Malaysia, MYS
24.5919, 1969, Dec Average, Malaysia, MYS
24.7864, 1970, Jan Average, Malaysia, MYS
24.8362, 1970, Feb Average, Malaysia, MYS
25.4494, 1970, Mar Average, Malaysia, MYS
25.6027, 1970, Apr Average, Malaysia, MYS
25.6714, 1970, May Average, Malaysia, MYS
25.4682, 1970, Jun Average, Malaysia, MYS
24.9964, 1970, Jul Average, Malaysia, MYS
25.0176, 1970, Aug Average, Malaysia, MYS
24.9217, 1970, Sep Average, Malaysia, MYS
24.9819, 1970, Oct Average, Malaysia, MYS
24.7146, 1970, Nov Average, Malaysia, MYS
24.7096, 1970, Dec Average, Malaysia, MYS
24.3644, 1971, Jan Average, Malaysia, MYS
24.2349, 1971, Feb Average, Malaysia, MYS
24.8578, 1971, Mar Average, Malaysia, MYS
25.5081, 1971, Apr Average, Malaysia, MYS
25.7491, 1971, May Average, Malaysia, MYS
25.3652, 1971, Jun Average, Malaysia, MYS
25.2467, 1971, Jul Average, Malaysia, MYS
24.6864, 1971, Aug Average, Malaysia, MYS
25.2516, 1971, Sep Average, Malaysia, MYS
25.0718, 1971, Oct Average, Malaysia, MYS
24.5935, 1971, Nov Average, Malaysia, MYS
24.614, 1971, Dec Average, Malaysia, MYS
24.1324, 1972, Jan Average, Malaysia, MYS
24.8346, 1972, Feb Average, Malaysia, MYS
24.8897, 1972, Mar Average, Malaysia, MYS
25.3492, 1972, Apr Average, Malaysia, MYS
25.8975, 1972, May Average, Malaysia, MYS
25.582, 1972, Jun Average, Malaysia, MYS
26.0677, 1972, Jul Average, Malaysia, MYS
25.4942, 1972, Aug Average, Malaysia, MYS
25.4013, 1972, Sep Average, Malaysia, MYS
25.5934, 1972, Oct Average, Malaysia, MYS
25.4029, 1972, Nov Average, Malaysia, MYS
25.5212, 1972, Dec Average, Malaysia, MYS
25.337, 1973, Jan Average, Malaysia, MYS
25.6289, 1973, Feb Average, Malaysia, MYS
25.7155, 1973, Mar Average, Malaysia, MYS
26.0911, 1973, Apr Average, Malaysia, MYS
25.7918, 1973, May Average, Malaysia, MYS
25.8103, 1973, Jun Average, Malaysia, MYS
25.5825, 1973, Jul Average, Malaysia, MYS
25.3257, 1973, Aug Average, Malaysia, MYS
25.0618, 1973, Sep Average, Malaysia, MYS
25.4465, 1973, Oct Average, Malaysia, MYS
24.9646, 1973, Nov Average, Malaysia, MYS
24.3953, 1973, Dec Average, Malaysia, MYS
24.1187, 1974, Jan Average, Malaysia, MYS
24.3792, 1974, Feb Average, Malaysia, MYS
24.8826, 1974, Mar Average, Malaysia, MYS
25.4783, 1974, Apr Average, Malaysia, MYS
25.5496, 1974, May Average, Malaysia, MYS
25.3261, 1974, Jun Average, Malaysia, MYS
25.0678, 1974, Jul Average, Malaysia, MYS
25.5339, 1974, Aug Average, Malaysia, MYS
24.9344, 1974, Sep Average, Malaysia, MYS
25.1876, 1974, Oct Average, Malaysia, MYS
25.0402, 1974, Nov Average, Malaysia, MYS
24.9016, 1974, Dec Average, Malaysia, MYS
24.8204, 1975, Jan Average, Malaysia, MYS
24.666, 1975, Feb Average, Malaysia, MYS
24.9615, 1975, Mar Average, Malaysia, MYS
25.7485, 1975, Apr Average, Malaysia, MYS
25.5184, 1975, May Average, Malaysia, MYS
25.2553, 1975, Jun Average, Malaysia, MYS
24.8223, 1975, Jul Average, Malaysia, MYS
25.4321, 1975, Aug Average, Malaysia, MYS
24.8646, 1975, Sep Average, Malaysia, MYS
25.0674, 1975, Oct Average, Malaysia, MYS
24.6225, 1975, Nov Average, Malaysia, MYS
24.5133, 1975, Dec Average, Malaysia, MYS
23.7691, 1976, Jan Average, Malaysia, MYS
24.2545, 1976, Feb Average, Malaysia, MYS
24.8369, 1976, Mar Average, Malaysia, MYS
25.0539, 1976, Apr Average, Malaysia, MYS
25.4498, 1976, May Average, Malaysia, MYS
24.9761, 1976, Jun Average, Malaysia, MYS
25.0278, 1976, Jul Average, Malaysia, MYS
24.8475, 1976, Aug Average, Malaysia, MYS
25.1128, 1976, Sep Average, Malaysia, MYS
25.0024, 1976, Oct Average, Malaysia, MYS
24.7166, 1976, Nov Average, Malaysia, MYS
24.7686, 1976, Dec Average, Malaysia, MYS
24.612, 1977, Jan Average, Malaysia, MYS
24.0977, 1977, Feb Average, Malaysia, MYS
24.7884, 1977, Mar Average, Malaysia, MYS
25.6905, 1977, Apr Average, Malaysia, MYS
25.6656, 1977, May Average, Malaysia, MYS
25.3478, 1977, Jun Average, Malaysia, MYS
25.3239, 1977, Jul Average, Malaysia, MYS
24.9753, 1977, Aug Average, Malaysia, MYS
25.4822, 1977, Sep Average, Malaysia, MYS
25.0987, 1977, Oct Average, Malaysia, MYS
24.8033, 1977, Nov Average, Malaysia, MYS
24.9814, 1977, Dec Average, Malaysia, MYS
24.7795, 1978, Jan Average, Malaysia, MYS
24.9402, 1978, Feb Average, Malaysia, MYS
25.4814, 1978, Mar Average, Malaysia, MYS
25.6001, 1978, Apr Average, Malaysia, MYS
25.89, 1978, May Average, Malaysia, MYS
25.4569, 1978, Jun Average, Malaysia, MYS
25.0663, 1978, Jul Average, Malaysia, MYS
25.4223, 1978, Aug Average, Malaysia, MYS
25.0706, 1978, Sep Average, Malaysia, MYS
25.1448, 1978, Oct Average, Malaysia, MYS
24.7361, 1978, Nov Average, Malaysia, MYS
24.9559, 1978, Dec Average, Malaysia, MYS
24.8709, 1979, Jan Average, Malaysia, MYS
25.2175, 1979, Feb Average, Malaysia, MYS
25.4898, 1979, Mar Average, Malaysia, MYS
25.7297, 1979, Apr Average, Malaysia, MYS
26.0569, 1979, May Average, Malaysia, MYS
25.5438, 1979, Jun Average, Malaysia, MYS
25.1956, 1979, Jul Average, Malaysia, MYS
25.6437, 1979, Aug Average, Malaysia, MYS
25.0555, 1979, Sep Average, Malaysia, MYS
25.1794, 1979, Oct Average, Malaysia, MYS
24.8349, 1979, Nov Average, Malaysia, MYS
24.853, 1979, Dec Average, Malaysia, MYS
24.8561, 1980, Jan Average, Malaysia, MYS
24.8919, 1980, Feb Average, Malaysia, MYS
25.3589, 1980, Mar Average, Malaysia, MYS
25.613, 1980, Apr Average, Malaysia, MYS
26.1632, 1980, May Average, Malaysia, MYS
25.5614, 1980, Jun Average, Malaysia, MYS
25.4815, 1980, Jul Average, Malaysia, MYS
24.9179, 1980, Aug Average, Malaysia, MYS
25.3668, 1980, Sep Average, Malaysia, MYS
25.4356, 1980, Oct Average, Malaysia, MYS
24.934, 1980, Nov Average, Malaysia, MYS
24.6155, 1980, Dec Average, Malaysia, MYS
24.422, 1981, Jan Average, Malaysia, MYS
24.9067, 1981, Feb Average, Malaysia, MYS
25.5794, 1981, Mar Average, Malaysia, MYS
25.7841, 1981, Apr Average, Malaysia, MYS
25.8947, 1981, May Average, Malaysia, MYS
26.0056, 1981, Jun Average, Malaysia, MYS
25.4932, 1981, Jul Average, Malaysia, MYS
26.0673, 1981, Aug Average, Malaysia, MYS
25.357, 1981, Sep Average, Malaysia, MYS
25.4552, 1981, Oct Average, Malaysia, MYS
25.0589, 1981, Nov Average, Malaysia, MYS
24.8728, 1981, Dec Average, Malaysia, MYS
24.7783, 1982, Jan Average, Malaysia, MYS
25.0554, 1982, Feb Average, Malaysia, MYS
25.4944, 1982, Mar Average, Malaysia, MYS
25.5824, 1982, Apr Average, Malaysia, MYS
25.8818, 1982, May Average, Malaysia, MYS
25.7471, 1982, Jun Average, Malaysia, MYS
25.5324, 1982, Jul Average, Malaysia, MYS
25.3161, 1982, Aug Average, Malaysia, MYS
25.5465, 1982, Sep Average, Malaysia, MYS
25.1025, 1982, Oct Average, Malaysia, MYS
25.4144, 1982, Nov Average, Malaysia, MYS
25.4748, 1982, Dec Average, Malaysia, MYS
25.4298, 1983, Jan Average, Malaysia, MYS
25.9137, 1983, Feb Average, Malaysia, MYS
26.4538, 1983, Mar Average, Malaysia, MYS
26.8142, 1983, Apr Average, Malaysia, MYS
26.3693, 1983, May Average, Malaysia, MYS
26.1269, 1983, Jun Average, Malaysia, MYS
25.6512, 1983, Jul Average, Malaysia, MYS
25.6553, 1983, Aug Average, Malaysia, MYS
25.3024, 1983, Sep Average, Malaysia, MYS
25.4945, 1983, Oct Average, Malaysia, MYS
24.9882, 1983, Nov Average, Malaysia, MYS
24.5631, 1983, Dec Average, Malaysia, MYS
24.4338, 1984, Jan Average, Malaysia, MYS
24.3867, 1984, Feb Average, Malaysia, MYS
25.0631, 1984, Mar Average, Malaysia, MYS
25.461, 1984, Apr Average, Malaysia, MYS
25.3276, 1984, May Average, Malaysia, MYS
25.4229, 1984, Jun Average, Malaysia, MYS
24.8974, 1984, Jul Average, Malaysia, MYS
25.5292, 1984, Aug Average, Malaysia, MYS
24.8826, 1984, Sep Average, Malaysia, MYS
24.9977, 1984, Oct Average, Malaysia, MYS
24.9269, 1984, Nov Average, Malaysia, MYS
24.8273, 1984, Dec Average, Malaysia, MYS
24.8507, 1985, Jan Average, Malaysia, MYS
25.3442, 1985, Feb Average, Malaysia, MYS
25.231, 1985, Mar Average, Malaysia, MYS
25.6605, 1985, Apr Average, Malaysia, MYS
25.7613, 1985, May Average, Malaysia, MYS
25.8274, 1985, Jun Average, Malaysia, MYS
24.8364, 1985, Jul Average, Malaysia, MYS
25.2981, 1985, Aug Average, Malaysia, MYS
24.9455, 1985, Sep Average, Malaysia, MYS
25.0154, 1985, Oct Average, Malaysia, MYS
24.9775, 1985, Nov Average, Malaysia, MYS
24.8993, 1985, Dec Average, Malaysia, MYS
24.4876, 1986, Jan Average, Malaysia, MYS
24.8359, 1986, Feb Average, Malaysia, MYS
25.0907, 1986, Mar Average, Malaysia, MYS
25.6967, 1986, Apr Average, Malaysia, MYS
26.1368, 1986, May Average, Malaysia, MYS
25.7022, 1986, Jun Average, Malaysia, MYS
25.5242, 1986, Jul Average, Malaysia, MYS
25.6851, 1986, Aug Average, Malaysia, MYS
25.2158, 1986, Sep Average, Malaysia, MYS
25.2338, 1986, Oct Average, Malaysia, MYS
24.8425, 1986, Nov Average, Malaysia, MYS
25.1877, 1986, Dec Average, Malaysia, MYS
24.7377, 1987, Jan Average, Malaysia, MYS
24.882, 1987, Feb Average, Malaysia, MYS
25.907, 1987, Mar Average, Malaysia, MYS
26.3125, 1987, Apr Average, Malaysia, MYS
25.9847, 1987, May Average, Malaysia, MYS
26.2823, 1987, Jun Average, Malaysia, MYS
25.8861, 1987, Jul Average, Malaysia, MYS
25.515, 1987, Aug Average, Malaysia, MYS
25.7044, 1987, Sep Average, Malaysia, MYS
25.7242, 1987, Oct Average, Malaysia, MYS
25.6375, 1987, Nov Average, Malaysia, MYS
25.1659, 1987, Dec Average, Malaysia, MYS
25.5126, 1988, Jan Average, Malaysia, MYS
25.4605, 1988, Feb Average, Malaysia, MYS
25.9088, 1988, Mar Average, Malaysia, MYS
26.1789, 1988, Apr Average, Malaysia, MYS
26.171, 1988, May Average, Malaysia, MYS
25.848, 1988, Jun Average, Malaysia, MYS
25.4748, 1988, Jul Average, Malaysia, MYS
25.2467, 1988, Aug Average, Malaysia, MYS
25.3662, 1988, Sep Average, Malaysia, MYS
25.5262, 1988, Oct Average, Malaysia, MYS
24.8693, 1988, Nov Average, Malaysia, MYS
24.4703, 1988, Dec Average, Malaysia, MYS
25.1145, 1989, Jan Average, Malaysia, MYS
24.6266, 1989, Feb Average, Malaysia, MYS
24.9707, 1989, Mar Average, Malaysia, MYS
25.5036, 1989, Apr Average, Malaysia, MYS
25.7626, 1989, May Average, Malaysia, MYS
25.4973, 1989, Jun Average, Malaysia, MYS
25.5876, 1989, Jul Average, Malaysia, MYS
25.4899, 1989, Aug Average, Malaysia, MYS
25.3112, 1989, Sep Average, Malaysia, MYS
25.3004, 1989, Oct Average, Malaysia, MYS
25.2194, 1989, Nov Average, Malaysia, MYS
25.1657, 1989, Dec Average, Malaysia, MYS
24.9158, 1990, Jan Average, Malaysia, MYS
25.518, 1990, Feb Average, Malaysia, MYS
25.7442, 1990, Mar Average, Malaysia, MYS
26.2804, 1990, Apr Average, Malaysia, MYS
26.2044, 1990, May Average, Malaysia, MYS
26.131, 1990, Jun Average, Malaysia, MYS
25.4841, 1990, Jul Average, Malaysia, MYS
25.8544, 1990, Aug Average, Malaysia, MYS
25.4868, 1990, Sep Average, Malaysia, MYS
25.6066, 1990, Oct Average, Malaysia, MYS
25.2691, 1990, Nov Average, Malaysia, MYS
25.2941, 1990, Dec Average, Malaysia, MYS
25.3727, 1991, Jan Average, Malaysia, MYS
25.3398, 1991, Feb Average, Malaysia, MYS
25.8212, 1991, Mar Average, Malaysia, MYS
26.0269, 1991, Apr Average, Malaysia, MYS
26.088, 1991, May Average, Malaysia, MYS
26.44, 1991, Jun Average, Malaysia, MYS
26.0007, 1991, Jul Average, Malaysia, MYS
25.815, 1991, Aug Average, Malaysia, MYS
25.7152, 1991, Sep Average, Malaysia, MYS
25.2973, 1991, Oct Average, Malaysia, MYS
24.931, 1991, Nov Average, Malaysia, MYS
25.1033, 1991, Dec Average, Malaysia, MYS
25.0392, 1992, Jan Average, Malaysia, MYS
25.4035, 1992, Feb Average, Malaysia, MYS
26.095, 1992, Mar Average, Malaysia, MYS
26.5586, 1992, Apr Average, Malaysia, MYS
26.2171, 1992, May Average, Malaysia, MYS
25.8829, 1992, Jun Average, Malaysia, MYS
25.3993, 1992, Jul Average, Malaysia, MYS
25.939, 1992, Aug Average, Malaysia, MYS
25.5819, 1992, Sep Average, Malaysia, MYS
25.1675, 1992, Oct Average, Malaysia, MYS
24.7156, 1992, Nov Average, Malaysia, MYS
24.9236, 1992, Dec Average, Malaysia, MYS
24.9856, 1993, Jan Average, Malaysia, MYS
24.9469, 1993, Feb Average, Malaysia, MYS
25.2869, 1993, Mar Average, Malaysia, MYS
25.7971, 1993, Apr Average, Malaysia, MYS
25.98, 1993, May Average, Malaysia, MYS
26.1308, 1993, Jun Average, Malaysia, MYS
25.6418, 1993, Jul Average, Malaysia, MYS
25.7833, 1993, Aug Average, Malaysia, MYS
25.327, 1993, Sep Average, Malaysia, MYS
25.2978, 1993, Oct Average, Malaysia, MYS
25.3377, 1993, Nov Average, Malaysia, MYS
25.2888, 1993, Dec Average, Malaysia, MYS
25.3065, 1994, Jan Average, Malaysia, MYS
25.4346, 1994, Feb Average, Malaysia, MYS
25.2319, 1994, Mar Average, Malaysia, MYS
25.8734, 1994, Apr Average, Malaysia, MYS
25.9605, 1994, May Average, Malaysia, MYS
25.682, 1994, Jun Average, Malaysia, MYS
25.8781, 1994, Jul Average, Malaysia, MYS
25.4688, 1994, Aug Average, Malaysia, MYS
25.7884, 1994, Sep Average, Malaysia, MYS
25.3784, 1994, Oct Average, Malaysia, MYS
25.2375, 1994, Nov Average, Malaysia, MYS
25.511, 1994, Dec Average, Malaysia, MYS
25.3791, 1995, Jan Average, Malaysia, MYS
25.1531, 1995, Feb Average, Malaysia, MYS
25.5602, 1995, Mar Average, Malaysia, MYS
26.1243, 1995, Apr Average, Malaysia, MYS
26.2614, 1995, May Average, Malaysia, MYS
26.2401, 1995, Jun Average, Malaysia, MYS
25.6402, 1995, Jul Average, Malaysia, MYS
25.3915, 1995, Aug Average, Malaysia, MYS
25.71, 1995, Sep Average, Malaysia, MYS
25.6828, 1995, Oct Average, Malaysia, MYS
25.2299, 1995, Nov Average, Malaysia, MYS
24.887, 1995, Dec Average, Malaysia, MYS
24.6202, 1996, Jan Average, Malaysia, MYS
24.6944, 1996, Feb Average, Malaysia, MYS
25.7159, 1996, Mar Average, Malaysia, MYS
25.9958, 1996, Apr Average, Malaysia, MYS
26.2689, 1996, May Average, Malaysia, MYS
25.9561, 1996, Jun Average, Malaysia, MYS
26.0684, 1996, Jul Average, Malaysia, MYS
25.551, 1996, Aug Average, Malaysia, MYS
25.826, 1996, Sep Average, Malaysia, MYS
25.3535, 1996, Oct Average, Malaysia, MYS
25.2937, 1996, Nov Average, Malaysia, MYS
24.9013, 1996, Dec Average, Malaysia, MYS
25.0548, 1997, Jan Average, Malaysia, MYS
25.0046, 1997, Feb Average, Malaysia, MYS
25.9256, 1997, Mar Average, Malaysia, MYS
25.8746, 1997, Apr Average, Malaysia, MYS
26.3005, 1997, May Average, Malaysia, MYS
26.2919, 1997, Jun Average, Malaysia, MYS
26.0335, 1997, Jul Average, Malaysia, MYS
26.436, 1997, Aug Average, Malaysia, MYS
25.9252, 1997, Sep Average, Malaysia, MYS
25.7126, 1997, Oct Average, Malaysia, MYS
25.6631, 1997, Nov Average, Malaysia, MYS
25.878, 1997, Dec Average, Malaysia, MYS
26.239, 1998, Jan Average, Malaysia, MYS
26.4837, 1998, Feb Average, Malaysia, MYS
26.6704, 1998, Mar Average, Malaysia, MYS
26.9157, 1998, Apr Average, Malaysia, MYS
27.3174, 1998, May Average, Malaysia, MYS
26.4217, 1998, Jun Average, Malaysia, MYS
26.056, 1998, Jul Average, Malaysia, MYS
25.7311, 1998, Aug Average, Malaysia, MYS
26.0404, 1998, Sep Average, Malaysia, MYS
26.0081, 1998, Oct Average, Malaysia, MYS
25.6533, 1998, Nov Average, Malaysia, MYS
25.312, 1998, Dec Average, Malaysia, MYS
25.3276, 1999, Jan Average, Malaysia, MYS
25.1621, 1999, Feb Average, Malaysia, MYS
25.6732, 1999, Mar Average, Malaysia, MYS
26.1756, 1999, Apr Average, Malaysia, MYS
25.7801, 1999, May Average, Malaysia, MYS
25.9929, 1999, Jun Average, Malaysia, MYS
25.8551, 1999, Jul Average, Malaysia, MYS
25.6159, 1999, Aug Average, Malaysia, MYS
25.7368, 1999, Sep Average, Malaysia, MYS
25.3522, 1999, Oct Average, Malaysia, MYS
25.4305, 1999, Nov Average, Malaysia, MYS
25.0774, 1999, Dec Average, Malaysia, MYS
25.1713, 2000, Jan Average, Malaysia, MYS
25.1324, 2000, Feb Average, Malaysia, MYS
25.6929, 2000, Mar Average, Malaysia, MYS
25.8319, 2000, Apr Average, Malaysia, MYS
26.4762, 2000, May Average, Malaysia, MYS
25.5899, 2000, Jun Average, Malaysia, MYS
26.2108, 2000, Jul Average, Malaysia, MYS
25.7621, 2000, Aug Average, Malaysia, MYS
25.7276, 2000, Sep Average, Malaysia, MYS
25.778, 2000, Oct Average, Malaysia, MYS
25.5634, 2000, Nov Average, Malaysia, MYS
25.7153, 2000, Dec Average, Malaysia, MYS
25.2333, 2001, Jan Average, Malaysia, MYS
25.3746, 2001, Feb Average, Malaysia, MYS
25.8263, 2001, Mar Average, Malaysia, MYS
26.1115, 2001, Apr Average, Malaysia, MYS
26.5545, 2001, May Average, Malaysia, MYS
25.9408, 2001, Jun Average, Malaysia, MYS
26.3233, 2001, Jul Average, Malaysia, MYS
26.2253, 2001, Aug Average, Malaysia, MYS
25.8883, 2001, Sep Average, Malaysia, MYS
25.7191, 2001, Oct Average, Malaysia, MYS
25.4465, 2001, Nov Average, Malaysia, MYS
25.5043, 2001, Dec Average, Malaysia, MYS
25.4724, 2002, Jan Average, Malaysia, MYS
25.4107, 2002, Feb Average, Malaysia, MYS
26.0944, 2002, Mar Average, Malaysia, MYS
26.4276, 2002, Apr Average, Malaysia, MYS
26.7613, 2002, May Average, Malaysia, MYS
26.3583, 2002, Jun Average, Malaysia, MYS
26.5495, 2002, Jul Average, Malaysia, MYS
26.0098, 2002, Aug Average, Malaysia, MYS
25.7773, 2002, Sep Average, Malaysia, MYS
25.8438, 2002, Oct Average, Malaysia, MYS
25.6534, 2002, Nov Average, Malaysia, MYS
26.1162, 2002, Dec Average, Malaysia, MYS
25.573, 2003, Jan Average, Malaysia, MYS
25.6007, 2003, Feb Average, Malaysia, MYS
25.954, 2003, Mar Average, Malaysia, MYS
26.2543, 2003, Apr Average, Malaysia, MYS
26.6605, 2003, May Average, Malaysia, MYS
26.1602, 2003, Jun Average, Malaysia, MYS
25.7706, 2003, Jul Average, Malaysia, MYS
26.173, 2003, Aug Average, Malaysia, MYS
25.8739, 2003, Sep Average, Malaysia, MYS
25.455, 2003, Oct Average, Malaysia, MYS
25.4782, 2003, Nov Average, Malaysia, MYS
25.1734, 2003, Dec Average, Malaysia, MYS
25.5184, 2004, Jan Average, Malaysia, MYS
25.4643, 2004, Feb Average, Malaysia, MYS
26.091, 2004, Mar Average, Malaysia, MYS
26.5552, 2004, Apr Average, Malaysia, MYS
26.3708, 2004, May Average, Malaysia, MYS
26.247, 2004, Jun Average, Malaysia, MYS
25.4226, 2004, Jul Average, Malaysia, MYS
26.1839, 2004, Aug Average, Malaysia, MYS
25.4294, 2004, Sep Average, Malaysia, MYS
25.4371, 2004, Oct Average, Malaysia, MYS
25.3998, 2004, Nov Average, Malaysia, MYS
25.2105, 2004, Dec Average, Malaysia, MYS
25.2003, 2005, Jan Average, Malaysia, MYS
25.8838, 2005, Feb Average, Malaysia, MYS
25.9079, 2005, Mar Average, Malaysia, MYS
26.4541, 2005, Apr Average, Malaysia, MYS
26.242, 2005, May Average, Malaysia, MYS
26.2436, 2005, Jun Average, Malaysia, MYS
25.8803, 2005, Jul Average, Malaysia, MYS
26.1764, 2005, Aug Average, Malaysia, MYS
26.1236, 2005, Sep Average, Malaysia, MYS
25.5661, 2005, Oct Average, Malaysia, MYS
25.2887, 2005, Nov Average, Malaysia, MYS
25.0918, 2005, Dec Average, Malaysia, MYS
25.2673, 2006, Jan Average, Malaysia, MYS
25.4736, 2006, Feb Average, Malaysia, MYS
25.8721, 2006, Mar Average, Malaysia, MYS
25.8047, 2006, Apr Average, Malaysia, MYS
25.7259, 2006, May Average, Malaysia, MYS
25.6152, 2006, Jun Average, Malaysia, MYS
26.205, 2006, Jul Average, Malaysia, MYS
25.9629, 2006, Aug Average, Malaysia, MYS
25.498, 2006, Sep Average, Malaysia, MYS
25.6263, 2006, Oct Average, Malaysia, MYS
25.5367, 2006, Nov Average, Malaysia, MYS
25.7939, 2006, Dec Average, Malaysia, MYS
25.1877, 2007, Jan Average, Malaysia, MYS
25.3104, 2007, Feb Average, Malaysia, MYS
25.8229, 2007, Mar Average, Malaysia, MYS
26.0617, 2007, Apr Average, Malaysia, MYS
26.3136, 2007, May Average, Malaysia, MYS
25.9482, 2007, Jun Average, Malaysia, MYS
25.7296, 2007, Jul Average, Malaysia, MYS
25.7576, 2007, Aug Average, Malaysia, MYS
25.6044, 2007, Sep Average, Malaysia, MYS
25.619, 2007, Oct Average, Malaysia, MYS
25.0313, 2007, Nov Average, Malaysia, MYS
25.1979, 2007, Dec Average, Malaysia, MYS
25.3171, 2008, Jan Average, Malaysia, MYS
24.7882, 2008, Feb Average, Malaysia, MYS
25.0468, 2008, Mar Average, Malaysia, MYS
25.6931, 2008, Apr Average, Malaysia, MYS
25.9288, 2008, May Average, Malaysia, MYS
25.5804, 2008, Jun Average, Malaysia, MYS
25.3831, 2008, Jul Average, Malaysia, MYS
25.6479, 2008, Aug Average, Malaysia, MYS
25.6685, 2008, Sep Average, Malaysia, MYS
25.6115, 2008, Oct Average, Malaysia, MYS
25.4601, 2008, Nov Average, Malaysia, MYS
25.2675, 2008, Dec Average, Malaysia, MYS
24.7523, 2009, Jan Average, Malaysia, MYS
25.2837, 2009, Feb Average, Malaysia, MYS
25.4039, 2009, Mar Average, Malaysia, MYS
26.185, 2009, Apr Average, Malaysia, MYS
26.2181, 2009, May Average, Malaysia, MYS
26.4242, 2009, Jun Average, Malaysia, MYS
25.9345, 2009, Jul Average, Malaysia, MYS
26.0843, 2009, Aug Average, Malaysia, MYS
26.0862, 2009, Sep Average, Malaysia, MYS
25.7939, 2009, Oct Average, Malaysia, MYS
25.4535, 2009, Nov Average, Malaysia, MYS
25.3917, 2009, Dec Average, Malaysia, MYS
25.4245, 2010, Jan Average, Malaysia, MYS
26.0663, 2010, Feb Average, Malaysia, MYS
26.3342, 2010, Mar Average, Malaysia, MYS
26.6258, 2010, Apr Average, Malaysia, MYS
26.825, 2010, May Average, Malaysia, MYS
26.1731, 2010, Jun Average, Malaysia, MYS
25.4688, 2010, Jul Average, Malaysia, MYS
25.8289, 2010, Aug Average, Malaysia, MYS
25.7033, 2010, Sep Average, Malaysia, MYS
25.7246, 2010, Oct Average, Malaysia, MYS
25.3379, 2010, Nov Average, Malaysia, MYS
25.0733, 2010, Dec Average, Malaysia, MYS
24.9243, 2011, Jan Average, Malaysia, MYS
25.0878, 2011, Feb Average, Malaysia, MYS
25.1826, 2011, Mar Average, Malaysia, MYS
25.8252, 2011, Apr Average, Malaysia, MYS
26.0661, 2011, May Average, Malaysia, MYS
26.148, 2011, Jun Average, Malaysia, MYS
26.0907, 2011, Jul Average, Malaysia, MYS
25.9912, 2011, Aug Average, Malaysia, MYS
25.9387, 2011, Sep Average, Malaysia, MYS
25.6368, 2011, Oct Average, Malaysia, MYS
25.6815, 2011, Nov Average, Malaysia, MYS
25.4584, 2011, Dec Average, Malaysia, MYS
25.4909, 2012, Jan Average, Malaysia, MYS
25.5237, 2012, Feb Average, Malaysia, MYS
25.6592, 2012, Mar Average, Malaysia, MYS
25.917, 2012, Apr Average, Malaysia, MYS
26.3218, 2012, May Average, Malaysia, MYS
26.3288, 2012, Jun Average, Malaysia, MYS
25.7311, 2012, Jul Average, Malaysia, MYS
25.9883, 2012, Aug Average, Malaysia, MYS
25.9571, 2012, Sep Average, Malaysia, MYS
25.7476, 2012, Oct Average, Malaysia, MYS
25.6834, 2012, Nov Average, Malaysia, MYS
25.756, 2012, Dec Average, Malaysia, MYS
25.6998, 2013, Jan Average, Malaysia, MYS
25.4661, 2013, Feb Average, Malaysia, MYS
26.4386, 2013, Mar Average, Malaysia, MYS
26.4395, 2013, Apr Average, Malaysia, MYS
26.4555, 2013, May Average, Malaysia, MYS
26.6913, 2013, Jun Average, Malaysia, MYS
25.8991, 2013, Jul Average, Malaysia, MYS
25.9778, 2013, Aug Average, Malaysia, MYS
25.8061, 2013, Sep Average, Malaysia, MYS
25.5625, 2013, Oct Average, Malaysia, MYS
25.5479, 2013, Nov Average, Malaysia, MYS
25.4492, 2013, Dec Average, Malaysia, MYS
24.5197, 2014, Jan Average, Malaysia, MYS
25.2883, 2014, Feb Average, Malaysia, MYS
25.9291, 2014, Mar Average, Malaysia, MYS
26.364, 2014, Apr Average, Malaysia, MYS
26.4331, 2014, May Average, Malaysia, MYS
26.71, 2014, Jun Average, Malaysia, MYS
26.1614, 2014, Jul Average, Malaysia, MYS
25.6065, 2014, Aug Average, Malaysia, MYS
26.0156, 2014, Sep Average, Malaysia, MYS
25.7495, 2014, Oct Average, Malaysia, MYS
25.7238, 2014, Nov Average, Malaysia, MYS
25.5438, 2014, Dec Average, Malaysia, MYS
25.0353, 2015, Jan Average, Malaysia, MYS
25.27, 2015, Feb Average, Malaysia, MYS
25.9976, 2015, Mar Average, Malaysia, MYS
26.5191, 2015, Apr Average, Malaysia, MYS
26.7362, 2015, May Average, Malaysia, MYS
26.6042, 2015, Jun Average, Malaysia, MYS
26.4819, 2015, Jul Average, Malaysia, MYS
26.0703, 2015, Aug Average, Malaysia, MYS
26.1382, 2015, Sep Average, Malaysia, MYS
26.2109, 2015, Oct Average, Malaysia, MYS
25.8176, 2015, Nov Average, Malaysia, MYS
25.9976, 2015, Dec Average, Malaysia, MYS
26.2786, 2016, Jan Average, Malaysia, MYS
26.1558, 2016, Feb Average, Malaysia, MYS
26.656, 2016, Mar Average, Malaysia, MYS
27.1446, 2016, Apr Average, Malaysia, MYS
27.0044, 2016, May Average, Malaysia, MYS
26.3393, 2016, Jun Average, Malaysia, MYS
26.2179, 2016, Jul Average, Malaysia, MYS
26.6037, 2016, Aug Average, Malaysia, MYS
26.1547, 2016, Sep Average, Malaysia, MYS
26.1699, 2016, Oct Average, Malaysia, MYS
25.8739, 2016, Nov Average, Malaysia, MYS
25.9052, 2016, Dec Average, Malaysia, MYS
